Rank,Mark,Competitor,Date_of_Birth,Nationality,Venue,Date,Results_Score,Year
1,209.063,Jakob INGEBRIGTSEN,2000-09-19,NOR,"Arena Stade Couvert, Liévin (FRA) (i)",13 FEB 2025,1306,2025
2,211.074,Yared NUGUSE,1999-06-01,USA,"Armory Track&Field Center, New York, NY (USA) (i)",08 FEB 2025,1275,2025
3,211.089,Hobbs KESSLER,2003-03-15,USA,"Armory Track&Field Center, New York, NY (USA) (i)",08 FEB 2025,1273,2025
4,212.024,Azeddine HABZ,1993-07-19,FRA,"Armory Track&Field Center, New York, NY (USA) (i)",08 FEB 2025,1268,2025
5,212.059,Isaac NADER,1999-08-17,POR,"Arena Stade Couvert, Liévin (FRA) (i)",13 FEB 2025,1262,2025
6,212.067,Cameron MYERS,2006-06-09,AUS,"Armory Track&Field Center, New York, NY (USA) (i)",08 FEB 2025,1261,2025
7,213.002,Liam MURPHY,2002-02-04,USA,"Paul Derr TF Facility, Raleigh, NC (USA)",27 MAR 2025,1202,2025
8,213.014,Robert FARKEN,1997-09-20,GER,"Armory Track&Field Center, New York, NY (USA) (i)",08 FEB 2025,1254,2025
9,213.018,Neil GOURLEY,1995-02-07,GBR,"Armory Track&Field Center, New York, NY (USA) (i)",08 FEB 2025,1254,2025
10,213.038,Marco LANGON,2004-08-31,USA,"Paul Derr TF Facility, Raleigh, NC (USA)",27 MAR 2025,1197,2025
11,213.04,Andrew COSCORAN,1996-06-18,IRL,"Armory Track&Field Center, New York, NY (USA) (i)",08 FEB 2025,1251,2025
12,213.041,Ethan STRAND,2002-10-20,USA,"Boston Univ. Track & Tennis Center, Boston, MA (USA) (i)",01 FEB 2025,1251,2025
12,213.041,Gary MARTIN,2003-12-23,USA,"Armory Track&Field Center, New York, NY (USA) (i)",08 FEB 2025,1251,2025
14,213.055,Anass ESSAYI,2001-05-18,MAR,"L'Anneau-Halle d'athlétisme de Metz, Metz (FRA) (i)",08 FEB 2025,1249,2025
15,213.066,Josh HOEY,1999-11-01,USA,"The Track at New Balance, Boston, MA (USA) (i)",02 FEB 2025,1247,2025
16,213.099,Grant FISHER,1997-04-22,USA,"The Track at New Balance, Boston, MA (USA) (i)",02 FEB 2025,1242,2025
17,214.0,Adam FOGG,1999-01-27,GBR,"Boston Univ. Track & Tennis Center, Boston, MA (USA) (i)",01 FEB 2025,1242,2025
18,214.049,Ruben VERHEYDEN,2000-12-22,BEL,"L'Anneau-Halle d'athlétisme de Metz, Metz (FRA) (i)",08 FEB 2025,1235,2025
19,214.052,Oliver HOARE,1997-01-29,AUS,"Boston Univ. Track & Tennis Center, Boston, MA (USA) (i)",02 MAR 2025,1235,2025
20,215.012,Thomas KEEN,2001-06-16,GBR,"The Track at New Balance, Boston, MA (USA) (i)",02 FEB 2025,1226,2025
21,215.026,Tshepiso MASALELA,1999-05-25,BOT,"UJ Stadium, Johannesburg (RSA)",19 MAR 2025,1171,2025
22,215.043,Elliot GILES,1994-05-26,GBR,"Arena, Toruń (POL) (i)",16 FEB 2025,1221,2025
23,215.052,Adam SPENCER,2001-10-04,AUS,"Lakeside Stadium, Melbourne (AUS)",29 MAR 2025,1167,2025
24,215.055,Fouad MESSAOUDI,2001-01-07,MAR,"JSerra Catholic HS, San Juan Capistrano, CA (USA)",29 MAR 2025,1167,2025
25,215.061,Samuel CHAPPLE,1998-11-23,NED,"Omnisport, Apeldoorn (NED) (i)",25 JAN 2025,1219,2025
26,215.062,Samuel PIHLSTRÖM,2001-03-08,SWE,"Europahalle, Karlsruhe (GER) (i)",07 FEB 2025,1219,2025
27,215.07,Biniam MEHARY,2006-12-20,ETH,"Arena, Toruń (POL) (i)",16 FEB 2025,1218,2025
28,215.07999999999998,Kieran LUMB,1998-08-02,CAN,"Boston Univ. Track & Tennis Center, Boston, MA (USA) (i)",21 FEB 2025,1216,2025
29,215.085,Luke HOUSER,2001-05-02,USA,"Boston Univ. Track & Tennis Center, Boston, MA (USA) (i)",02 MAR 2025,1215,2025
30,215.087,Mariano GARCÍA,1997-09-25,ESP,"Pista Coberta de Catalunya, Sabadell (ESP) (i)",10 JAN 2025,1215,2025
31,215.096,Samuel TANNER,2000-08-24,NZL,"Boston Univ. Track & Tennis Center, Boston, MA (USA) (i)",21 FEB 2025,1214,2025
32,216.008,Jochem VERMEULEN,1998-08-02,BEL,"Armory Track&Field Center, New York, NY (USA) (i)",08 FEB 2025,1212,2025
33,216.011,Graham BLANKS,2002-04-24,USA,"The Track at New Balance, Boston, MA (USA) (i)",02 FEB 2025,1212,2025
34,216.015,Colin SAHLMAN,2003-10-28,USA,"Boston Univ. Track & Tennis Center, Boston, MA (USA) (i)",01 FEB 2025,1211,2025
35,216.019,Jack ANSTEY,1997-04-08,AUS,"Boston Univ. Track & Tennis Center, Boston, MA (USA) (i)",02 MAR 2025,1211,2025
36,216.023,Joe WASKOM,2001-04-12,USA,"The Track at New Balance, Boston, MA (USA) (i)",02 FEB 2025,1210,2025
37,216.024,Mohamed ATTAOUI,2001-09-26,ESP,"Arena, Toruń (POL) (i)",16 FEB 2025,1210,2025
38,216.025,Louis GILAVERT,1998-01-01,FRA,"Stadium Miramas Métropole, Miramas (FRA) (i)",31 JAN 2025,1210,2025
39,216.028,Mahadi ABDI ALI,1995-11-08,NED,"Omnisport, Apeldoorn (NED) (i)",25 JAN 2025,1209,2025
40,216.034,Raphael PALLITSCH,1989-12-18,AUT,"L'Anneau-Halle d'athlétisme de Metz, Metz (FRA) (i)",08 FEB 2025,1208,2025
41,216.037,Flavien SZOT,2001-09-06,FRA,"Boston Univ. Track & Tennis Center, Boston, MA (USA) (i)",01 FEB 2025,1208,2025
42,216.046,Filip RAK,2003-02-03,POL,"Arena, Toruń (POL) (i)",16 FEB 2025,1207,2025
43,216.048,Jude THOMAS,2002-03-17,AUS,"Lakeside Stadium, Melbourne (AUS)",29 MAR 2025,1154,2025
44,216.071,Pieter SISK,1999-12-08,BEL,"Coque Sport Center, Luxembourg (LUX) (i)",19 JAN 2025,1203,2025
45,216.072,Paul ANSELMINI,2003-08-02,FRA,"Halle Stéphane Diagana, Lyon (FRA) (i)",15 FEB 2025,1203,2025
46,216.075,Adel MECHAAL,1990-12-05,ESP,"Pista Coberta de Catalunya, Sabadell (ESP) (i)",10 JAN 2025,1203,2025
47,216.078,Federico RIVA,2000-11-09,ITA,"Europahalle, Karlsruhe (GER) (i)",07 FEB 2025,1202,2025
47,216.078,Samuel PRAKEL,1994-10-29,USA,"Boston Univ. Track & Tennis Center, Boston, MA (USA) (i)",02 MAR 2025,1202,2025
47,216.078,Damian HACKETT,,USA,"Paul Derr TF Facility, Raleigh, NC (USA)",27 MAR 2025,1150,2025
50,216.079,Cooper CAWTHRA,,USA,"Paul Derr TF Facility, Raleigh, NC (USA)",27 MAR 2025,1150,2025
51,216.082,Jackson SHARP,2000-08-21,AUS,"JSerra Catholic HS, San Juan Capistrano, CA (USA)",29 MAR 2025,1150,2025
52,216.095,Adrián BEN,1998-08-04,ESP,"Sports Training Center, Nanjing (CHN) (i)",21 MAR 2025,1200,2025
53,217.003,Romain MORNET,1997-11-08,FRA,"Europahalle, Karlsruhe (GER) (i)",07 FEB 2025,1199,2025
54,217.008,Stefan NILLESSEN,2003-01-02,NED,"Omnisport, Apeldoorn (NED) (i)",23 FEB 2025,1198,2025
55,217.013,Pierre ATTIOGBE,,USA,"Paul Derr TF Facility, Raleigh, NC (USA)",27 MAR 2025,1145,2025
56,217.016,Vincent Kibet KETER,2002-03-11,KEN,"Halle Stéphane Diagana, Lyon (FRA) (i)",15 FEB 2025,1197,2025
57,217.023,Steven JACKSON,,USA,"The Track at New Balance, Boston, MA (USA) (i)",14 FEB 2025,1196,2025
58,217.028,Joshua THOMPSON,1993-05-09,USA,"JSerra Catholic HS, San Juan Capistrano, CA (USA)",29 MAR 2025,1143,2025
59,217.029,Harrison WITT,,USA,"Boston Univ. Track & Tennis Center, Boston, MA (USA) (i)",14 FEB 2025,1195,2025
59,217.029,Peter BOL,1994-02-22,AUS,"Lakeside Stadium, Melbourne (AUS)",29 MAR 2025,1143,2025
61,217.03199999999998,Amon KEMBOI,1995-12-10,KEN,"The Track at New Balance, Boston, MA (USA) (i)",14 FEB 2025,1195,2025
61,217.03199999999998,Festus LAGAT,1996-10-10,KEN,"Boston Univ. Track & Tennis Center, Boston, MA (USA) (i)",02 MAR 2025,1195,2025
63,217.037,Robin VAN RIEL,2000-04-30,NED,"Omnisport, Apeldoorn (NED) (i)",23 FEB 2025,1194,2025
64,217.039,Cathal DOYLE,1997-11-12,IRL,"Arena Stade Couvert, Liévin (FRA) (i)",13 FEB 2025,1194,2025
65,217.043,Getnet WALE,2000-07-16,ETH,"Halle Stéphane Diagana, Lyon (FRA) (i)",15 FEB 2025,1193,2025
66,217.049,AJ ERNST,1998-08-28,USA,"Boston Univ. Track & Tennis Center, Boston, MA (USA) (i)",21 FEB 2025,1192,2025
67,217.05,Vincent CIATTEI,1995-01-21,USA,"Armory Track&Field Center, New York, NY (USA) (i)",08 FEB 2025,1192,2025
68,217.052,Tyler BILYARD,2001-10-08,GBR,"Boston Univ. Track & Tennis Center, Boston, MA (USA) (i)",01 FEB 2025,1192,2025
68,217.052,Owen KARAS,,USA,"Paul Derr TF Facility, Raleigh, NC (USA)",27 MAR 2025,1140,2025
70,217.055,Filip SASÍNEK,1996-01-08,CZE,"Arena, Toruń (POL) (i)",16 FEB 2025,1191,2025
71,217.05700000000002,Maciej WYDERKA,2002-07-29,POL,"Arena, Toruń (POL) (i)",16 FEB 2025,1191,2025
72,217.061,Derek JOHNSON,1999-10-11,USA,"Boston Univ. Track & Tennis Center, Boston, MA (USA) (i)",01 FEB 2025,1190,2025
73,217.064,Pierrik JOCTEUR-MONROZIER,1998-03-23,FRA,"Halle Stéphane Diagana, Lyon (FRA) (i)",15 FEB 2025,1190,2025
74,217.067,Noah BALTUS,2002-02-03,NED,"L'Anneau-Halle d'athlétisme de Metz, Metz (FRA) (i)",08 FEB 2025,1190,2025
75,217.06799999999998,Nuno PEREIRA,2000-11-27,POR,"Expocentro, Pombal (POR) (i)",22 FEB 2025,1189,2025
76,217.07,Abel TEFFRA,2002-01-23,USA,"Boston Univ. Track & Tennis Center, Boston, MA (USA) (i)",08 FEB 2025,1189,2025
77,217.071,Charles PHILIBERT-THIBOUTOT,1990-12-31,CAN,"Arena Stade Couvert, Liévin (FRA) (i)",13 FEB 2025,1189,2025
78,217.072,Joseph WIGFIELD,2000-01-18,GBR,"Emirates Arena, Glasgow (GBR) (i)",02 FEB 2025,1189,2025
79,217.074,Benjamin ALLEN,1998-04-17,USA,"Boston Univ. Track & Tennis Center, Boston, MA (USA) (i)",02 MAR 2025,1189,2025
80,217.075,Mick STANOVSEK,1997-01-16,AUS,"The Track at New Balance, Boston, MA (USA) (i)",14 FEB 2025,1188,2025
81,217.077,Melese NBERET,2001-01-29,ETH,"Halle Stéphane Diagana, Lyon (FRA) (i)",15 FEB 2025,1188,2025
82,217.084,Miguel MOREIRA,2000-11-24,POR,"Expocentro, Pombal (POR) (i)",22 FEB 2025,1187,2025
83,217.089,Marius PROBST,1995-08-20,GER,"Europahalle, Karlsruhe (GER) (i)",07 FEB 2025,1186,2025
84,217.09,Charles GRETHEN,1992-06-02,LUX,"L'Anneau-Halle d'athlétisme de Metz, Metz (FRA) (i)",08 FEB 2025,1186,2025
84,217.09,Ignacio FONTES,1998-06-22,ESP,"Halle Stéphane Diagana, Lyon (FRA) (i)",15 FEB 2025,1186,2025
86,217.097,Abraham ALVARADO,1995-08-04,USA,"Boston Univ. Track & Tennis Center, Boston, MA (USA) (i)",02 MAR 2025,1185,2025
87,218.006,Tomas PALFREY,2003-02-08,AUS,"Boston Univ. Track & Tennis Center, Boston, MA (USA) (i)",14 FEB 2025,1184,2025
88,218.007,Tshepo TSHITE,1997-01-15,RSA,"Arena Stade Couvert, Liévin (FRA) (i)",13 FEB 2025,1184,2025
89,218.008,Anicet KOZAR,2001-10-08,FRA,"L'Anneau-Halle d'athlétisme de Metz, Metz (FRA) (i)",08 FEB 2025,1184,2025
90,218.015,Justin KIPKOECH,1998-09-18,KEN,"Boston Univ. Track & Tennis Center, Boston, MA (USA) (i)",01 FEB 2025,1183,2025
91,218.016,Benoit CAMPION,1998-02-12,FRA,"L'Anneau-Halle d'athlétisme de Metz, Metz (FRA) (i)",08 FEB 2025,1183,2025
91,218.016,Foster MALLECK,2001-08-12,CAN,"Boston Univ. Track & Tennis Center, Boston, MA (USA) (i)",21 FEB 2025,1183,2025
91,218.016,Aidan RYAN,,USA,"Boston Univ. Track & Tennis Center, Boston, MA (USA) (i)",02 MAR 2025,1183,2025
94,218.037,José Carlos PINTO,1997-05-03,POR,"Expocentro, Pombal (POR) (i)",22 FEB 2025,1180,2025
95,218.047,Kristian Uldbjerg HANSEN,1996-08-15,DEN,"Boston Univ. Track & Tennis Center, Boston, MA (USA) (i)",08 FEB 2025,1178,2025
95,218.047,Jack CRULL,2002-02-13,USA,"The Track at New Balance, Boston, MA (USA) (i)",14 FEB 2025,1178,2025
97,218.049,Jack SALISBURY,1998-01-05,USA,"Boston Univ. Track & Tennis Center, Boston, MA (USA) (i)",02 MAR 2025,1178,2025
98,218.053,Taha ER RAOUY,2002-05-25,MAR,"Boston Univ. Track & Tennis Center, Boston, MA (USA) (i)",01 FEB 2025,1177,2025
98,218.053,Alexandre SELLES,2000-06-19,FRA,"Boston Univ. Track & Tennis Center, Boston, MA (USA) (i)",08 FEB 2025,1177,2025
100,218.054,Mathew Kipchumba KIPSANG,1995-11-16,KEN,"Atletska dvorana, Beograd (SRB) (i)",29 JAN 2025,1177,2025
1,206.073,Jakob INGEBRIGTSEN,2000-09-19,NOR,"Stade Louis II, Monaco (MON)",12 JUL 2024,1292,2024
2,207.065,Cole HOCKER,2001-06-06,USA,"Stade de France, Paris (FRA)",06 AUG 2024,1278,2024
3,207.079,Josh KERR,1997-10-08,GBR,"Stade de France, Paris (FRA)",06 AUG 2024,1276,2024
4,207.07999999999998,Yared NUGUSE,1999-06-01,USA,"Stade de France, Paris (FRA)",06 AUG 2024,1276,2024
5,208.071,Timothy CHERUIYOT,1995-11-20,KEN,"Stade Louis II, Monaco (MON)",12 JUL 2024,1263,2024
6,208.07999999999998,Brian KOMEN,1998-08-10,KEN,"Stade Louis II, Monaco (MON)",12 JUL 2024,1262,2024
7,209.04500000000002,Hobbs KESSLER,2003-03-15,USA,"Stade de France, Paris (FRA)",06 AUG 2024,1253,2024
8,209.054,Niels LAROS,2005-04-17,NED,"Stade de France, Paris (FRA)",06 AUG 2024,1251,2024
9,210.046,Narve Gilje NORDÅS,1998-09-30,NOR,"Stade de France, Paris (FRA)",06 AUG 2024,1238,2024
10,210.065,Neil GOURLEY,1995-02-07,GBR,"Stade Louis II, Monaco (MON)",12 JUL 2024,1235,2024
11,210.074,Pietro ARESE,1999-10-08,ITA,"Stade de France, Paris (FRA)",06 AUG 2024,1234,2024
12,210.075,Stefan NILLESSEN,2003-01-02,NED,"Stade de France, Paris (FRA)",06 AUG 2024,1234,2024
13,210.07999999999998,Azeddine HABZ,1993-07-19,FRA,"Bislett Stadion, Oslo (NOR)",30 MAY 2024,1233,2024
14,210.084,Isaac NADER,1999-08-17,POR,"Bislett Stadion, Oslo (NOR)",30 MAY 2024,1233,2024
15,210.088,Reynold CHERUIYOT,2004-07-30,KEN,"Stade Olympique de la Pontaise, Lausanne (SUI)",22 AUG 2024,1232,2024
16,211.006,Elliot GILES,1994-05-26,GBR,"Bislett Stadion, Oslo (NOR)",30 MAY 2024,1230,2024
17,211.007,Oliver HOARE,1997-01-29,AUS,"Stade Louis II, Monaco (MON)",12 JUL 2024,1230,2024
18,211.057,George MILLS,1999-05-12,GBR,"Bislett Stadion, Oslo (NOR)",30 MAY 2024,1222,2024
19,211.074,Jochem VERMEULEN,1998-08-02,BEL,"Stade Olympique de la Pontaise, Lausanne (SUI)",22 AUG 2024,1220,2024
20,211.078,Vincent CIATTEI,1995-01-21,USA,"Hayward Field, Eugene, OR (USA)",24 JUN 2024,1220,2024
21,212.016,Cooper TEARE,1999-08-18,USA,"UVA Lanningan Field, Charlottesville, VA (USA)",28 APR 2024,1214,2024
22,212.02,Robert FARKEN,1997-09-20,GER,"Bislett Stadion, Oslo (NOR)",30 MAY 2024,1214,2024
22,212.02,Nathan GREEN,2003-04-10,USA,"Hayward Field, Eugene, OR (USA)",24 JUN 2024,1214,2024
24,212.037,Abdisa FAYISA,2005-04-24,ETH,"Estadio Enrique Lopez Cuenca, Nerja (ESP)",14 JUN 2024,1211,2024
25,212.049,Anass ESSAYI,2001-05-18,MAR,"Stade de France, Paris (FRA)",04 AUG 2024,1210,2024
26,212.05599999999998,Jake WIGHTMAN,1994-07-11,GBR,"Hayward Field, Eugene, OR (USA)",25 MAY 2024,1209,2024
27,212.067,Maël GOUYETTE,1999-05-21,FRA,"Parc des Sports C. Ehrmann, Nice (FRA)",15 JUN 2024,1207,2024
28,212.06799999999998,Andrew COSCORAN,1996-06-18,IRL,"Bislett Stadion, Oslo (NOR)",30 MAY 2024,1207,2024
29,212.077,Ossama MESLEK,1997-01-08,ITA,"Stade de France, Paris (FRA)",04 AUG 2024,1206,2024
30,212.08100000000002,Samuel TEFERA,1999-10-23,ETH,"Estadio Enrique Lopez Cuenca, Nerja (ESP)",14 JUN 2024,1205,2024
31,212.084,Federico RIVA,2000-11-09,ITA,"Stade de France, Paris (FRA)",03 AUG 2024,1205,2024
32,212.09300000000002,Justin KIPKOECH,1998-09-18,KEN,"Jack Kemp Stadium, Los Angeles, CA (USA)",20 JUL 2024,1203,2024
33,212.094,Henry WYNNE,1995-04-18,USA,"Hayward Field, Eugene, OR (USA)",24 JUN 2024,1203,2024
34,213.015,Cathal DOYLE,1997-11-12,IRL,"Stade de France, Paris (FRA)",04 AUG 2024,1200,2024
35,213.02100000000002,Adel MECHAAL,1990-12-05,ESP,"Bislett Stadion, Oslo (NOR)",30 MAY 2024,1199,2024
36,213.025,Festus LAGAT,1996-10-10,KEN,"Jack Kemp Stadium, Los Angeles, CA (USA)",20 JUL 2024,1199,2024
37,213.029,Charles PHILIBERT-THIBOUTOT,1990-12-31,CAN,"Stade de France, Paris (FRA)",04 AUG 2024,1198,2024
38,213.03,Cameron MYERS,2006-06-09,AUS,"The Crest Athletics Centre, Bankstown, Sydney (AUS)",22 FEB 2024,1198,2024
39,213.04,Ruben VERHEYDEN,2000-12-22,BEL,"Stadio Olimpico, Roma (ITA)",12 JUN 2024,1197,2024
40,213.049,Amon KEMBOI,1995-12-10,KEN,"Jack Kemp Stadium, Los Angeles, CA (USA)",20 JUL 2024,1196,2024
41,213.052,Ryan MPHAHLELE,1998-06-20,RSA,"University of the Western Cape, Cape Town (RSA)",29 APR 2024,1195,2024
42,213.054,Lamecha GIRMA,2000-11-26,ETH,"Le Grand Stade, Marrakech (MAR)",19 MAY 2024,1195,2024
43,213.058,Johnathan RENIEWICKI,1995-10-03,USA,"Jack Kemp Stadium, Los Angeles, CA (USA)",20 JUL 2024,1194,2024
43,213.058,Samuel PIHLSTRÖM,2001-03-08,SWE,"Stade de France, Paris (FRA)",03 AUG 2024,1194,2024
45,213.059,Raphael PALLITSCH,1989-12-18,AUT,"Mestský Stadion, Ostrava (CZE)",28 MAY 2024,1194,2024
46,213.064,Jesse HUNT,1998-07-28,AUS,"The Crest Athletics Centre, Bankstown, Sydney (AUS)",22 FEB 2024,1193,2024
47,213.066,Luke MCCANN,1998-03-12,IRL,"Olympiastadion, Stockholm (SWE)",02 JUN 2024,1193,2024
48,213.067,Sean MCGORTY,1995-03-08,USA,"Billy J. Murphy Track and Field Complex, Memphis, TN (USA)",12 JUL 2024,1193,2024
49,213.071,Daniel MUNGUTI,1995-02-28,KEN,"Nyayo National Stadium, Nairobi (KEN)",20 APR 2024,1192,2024
50,213.074,Filip RAK,2003-02-03,POL,"Stadion Śląski, Chorzów (POL)",18 MAY 2024,1192,2024
50,213.074,Joe WASKOM,2001-04-12,USA,"Hayward Field, Eugene, OR (USA)",24 JUN 2024,1192,2024
52,213.076,Tshepo TSHITE,1997-01-15,RSA,"University of the Western Cape, Cape Town (RSA)",29 APR 2024,1192,2024
53,213.078,Andrew HUNTER,1997-09-05,USA,"Jack Kemp Stadium, Los Angeles, CA (USA)",20 JUL 2024,1192,2024
54,213.082,Waleed SULIMAN,1998-09-22,USA,"Billy J. Murphy Track and Field Complex, Memphis, TN (USA)",12 JUL 2024,1191,2024
55,213.084,Teddese LEMI,1999-01-20,ETH,"Estadio Enrique Lopez Cuenca, Nerja (ESP)",14 JUN 2024,1191,2024
55,213.084,Elliott COOK,2002-02-22,USA,"Hayward Field, Eugene, OR (USA)",24 JUN 2024,1191,2024
57,213.096,Colin SAHLMAN,2003-10-28,USA,"Cougar Athletic Stadium, Azusa, CA (USA)",13 APR 2024,1189,2024
58,213.098,Romain MORNET,1997-11-08,FRA,"Stadion Allmend, Luzern (SUI)",16 JUL 2024,1189,2024
59,214.005,Eric HOLT,1995-05-12,USA,"Icahn Stadium, New York, NY (USA)",09 JUN 2024,1188,2024
60,214.012,Vincent Kibet KETER,2002-03-11,KEN,"Nyayo National Stadium, Nairobi (KEN)",20 APR 2024,1187,2024
61,214.02100000000002,Craig ENGELS,1994-05-01,USA,"Hayward Field, Eugene, OR (USA)",24 JUN 2024,1186,2024
62,214.022,Jesús GÓMEZ,1991-04-24,ESP,"Estadio Enrique Lopez Cuenca, Nerja (ESP)",14 JUN 2024,1185,2024
63,214.028,Mario GARCÍA,1999-06-29,ESP,"Hayward Field, Eugene, OR (USA)",25 MAY 2024,1185,2024
64,214.031,Benoit CAMPION,1998-02-12,FRA,"Parc des Sports C. Ehrmann, Nice (FRA)",15 JUN 2024,1184,2024
65,214.037,Adam FOGG,1999-01-27,GBR,"Armory Track&Field Center, New York, NY (USA) (i)",11 FEB 2024,1237,2024
66,214.039,Dominic Lokinyomo LOBALU,1998-08-16,SUI,"Stade Olympique de la Pontaise, Lausanne (SUI)",22 AUG 2024,1183,2024
67,214.041,Kieran LUMB,1998-08-02,CAN,"Suhaim bin Hamad Stadium, Doha (QAT)",10 MAY 2024,1183,2024
68,214.042,Jye EDWARDS,1998-03-06,AUS,"The Crest Athletics Centre, Bankstown, Sydney (AUS)",22 FEB 2024,1183,2024
69,214.04500000000002,Adam SPENCER,2001-10-04,AUS,"Stade de France, Paris (FRA)",03 AUG 2024,1182,2024
70,214.047,Geordie BEAMISH,1996-10-24,NZL,"Hayward Field, Eugene, OR (USA)",25 MAY 2024,1182,2024
71,214.052,Hafid RIZQY,1997-10-26,MAR,"Le Grand Stade, Marrakech (MAR)",19 MAY 2024,1181,2024
72,214.053,Flavien SZOT,2001-09-06,FRA,"Stade de Stehelin, Bordeaux (FRA)",19 JUN 2024,1181,2024
73,214.054,Marius PROBST,1995-08-20,GER,"Paavo Nurmen Stadion, Turku (FIN)",18 JUN 2024,1181,2024
74,214.05599999999998,Nico YOUNG,2002-07-27,USA,"Jack Kemp Stadium, Los Angeles, CA (USA)",04 MAY 2024,1181,2024
75,214.058,Jimmy GRESSIER,1997-05-04,FRA,"Stade Raymond Troussier, Decines (FRA)",04 MAY 2024,1180,2024
76,214.059,Javier MIRON,1999-12-13,ESP,"Polideportivo Zorrotza, Bilbao (ESP)",18 JUN 2024,1180,2024
77,214.066,Noah BALTUS,2002-02-03,NED,"Bungertstadion, Rehlingen (GER)",19 MAY 2024,1179,2024
78,214.073,Ermias GIRMA,2005-01-20,ETH,"Paavo Nurmen Stadion, Turku (FIN)",18 JUN 2024,1178,2024
79,214.07999999999998,Endashaw RETA,,ETH,"Polideportivo Zorrotza, Bilbao (ESP)",18 JUN 2024,1177,2024
79,214.07999999999998,Stewart MCSWEYN,1995-06-01,AUS,"Olympic Stadium, London (GBR)",20 JUL 2024,1177,2024
81,214.08100000000002,Ignacio FONTES,1998-06-22,ESP,"Stadion Śląski, Chorzów (POL)",18 MAY 2024,1177,2024
82,214.083,Biniam MEHARY,2006-12-20,ETH,"Arena, Toruń (POL) (i)",06 FEB 2024,1230,2024
82,214.083,Louis GILAVERT,1998-01-01,FRA,"Parc des Sports C. Ehrmann, Nice (FRA)",15 JUN 2024,1177,2024
84,214.09,Grant FISHER,1997-04-22,USA,"Icahn Stadium, New York, NY (USA)",09 JUN 2024,1176,2024
85,214.091,Samuel PRAKEL,1994-10-29,USA,"Stadion Allmend, Luzern (SUI)",16 JUL 2024,1176,2024
86,214.094,Baptiste MISCHLER,1997-11-23,FRA,"Parc des Sports C. Ehrmann, Nice (FRA)",15 JUN 2024,1175,2024
87,215.004,Nicholas GRIGGS,2004-12-18,IRL,"Tooting Bec Athletics Track, London (GBR)",24 JUL 2024,1174,2024
88,215.00900000000001,Maciej WYDERKA,2002-07-29,POL,"Mestský Stadion, Ostrava (CZE)",28 MAY 2024,1173,2024
89,215.012,Pierrik JOCTEUR-MONROZIER,1998-03-23,FRA,"Boudewijnstadion, Bruxelles (BEL)",26 MAY 2024,1173,2024
90,215.014,Callum DAVIES,1999-07-18,AUS,"The Crest Athletics Centre, Bankstown, Sydney (AUS)",22 FEB 2024,1173,2024
91,215.016,Matthew CENTROWITZ,1989-10-18,USA,"Drake Stadium, Los Angeles, CA (USA)",18 MAY 2024,1172,2024
92,215.02,Joonas RINNE,1995-05-20,FIN,"Paavo Nurmen Stadion, Turku (FIN)",18 JUN 2024,1172,2024
93,215.022,Andreas ALMGREN,1995-06-12,SWE,"Suhaim bin Hamad Stadium, Doha (QAT)",10 MAY 2024,1172,2024
94,215.024,Luke HOUSER,2001-05-02,USA,"Hayward Field, Eugene, OR (USA)",21 JUN 2024,1171,2024
95,215.025,Bastien AUGUSTO,1999-08-10,FRA,"Mestský Stadion, Ostrava (CZE)",28 MAY 2024,1171,2024
96,215.027,Eduardo HERRERA,1997-09-23,MEX,"Polideportivo Zorrotza, Bilbao (ESP)",18 JUN 2024,1171,2024
97,215.035,Mehmet ÇELİK,2001-12-01,TUR,"Boudewijnstadion, Bruxelles (BEL)",26 MAY 2024,1170,2024
97,215.035,Davis BOVE,2000-10-17,USA,"Jack Kemp Stadium, Los Angeles, CA (USA)",20 JUL 2024,1170,2024
99,215.037,Jack ANSTEY,1997-04-08,AUS,"Parc des Sports C. Ehrmann, Nice (FRA)",15 JUN 2024,1169,2024
100,215.04,Sam GILMAN,2000-09-20,USA,"Billy J. Murphy Track and Field Complex, Memphis, TN (USA)",12 JUL 2024,1169,2024
1,207.014,Jakob INGEBRIGTSEN,2000-09-19,NOR,"Stadion Śląski, Chorzów (POL)",16 JUL 2023,1286,2023
2,208.089,Mohamed KATIR,1998-02-17,ESP,"Bislett Stadion, Oslo (NOR)",15 JUN 2023,1261,2023
3,209.002,Yared NUGUSE,1999-06-01,USA,"Bislett Stadion, Oslo (NOR)",15 JUN 2023,1259,2023
4,209.008,Timothy CHERUIYOT,1995-11-20,KEN,"Bislett Stadion, Oslo (NOR)",15 JUN 2023,1258,2023
5,209.011,Abel KIPSANG,1996-11-22,KEN,"Stadion Śląski, Chorzów (POL)",16 JUL 2023,1257,2023
6,209.018,Mario GARCÍA,1999-06-29,ESP,"Bislett Stadion, Oslo (NOR)",15 JUN 2023,1256,2023
7,209.026,Azeddine HABZ,1993-07-19,FRA,"Bislett Stadion, Oslo (NOR)",15 JUN 2023,1255,2023
8,209.038,Josh KERR,1997-10-08,GBR,"Nemzeti Atlétikai Központ, Budapest (HUN)",23 AUG 2023,1254,2023
9,209.041,Oliver HOARE,1997-01-29,AUS,"Bislett Stadion, Oslo (NOR)",15 JUN 2023,1253,2023
10,209.047,Narve Gilje NORDÅS,1998-09-30,NOR,"Bislett Stadion, Oslo (NOR)",15 JUN 2023,1252,2023
11,209.051,Lamecha GIRMA,2000-11-26,ETH,"Stade Olympique de la Pontaise, Lausanne (SUI)",30 JUN 2023,1252,2023
12,210.03,Reynold CHERUIYOT,2004-07-30,KEN,"Stadion Śląski, Chorzów (POL)",16 JUL 2023,1240,2023
13,210.042,Andrew COSCORAN,1996-06-18,IRL,"Stadion Śląski, Chorzów (POL)",16 JUL 2023,1239,2023
14,210.06,Neil GOURLEY,1995-02-07,GBR,"Olympic Stadium, London (GBR)",23 JUL 2023,1236,2023
15,210.07,Cole HOCKER,2001-06-06,USA,"Nemzeti Atlétikai Központ, Budapest (HUN)",23 AUG 2023,1235,2023
16,210.09199999999998,Elliot GILES,1994-05-26,GBR,"Olympic Stadium, London (GBR)",23 JUL 2023,1232,2023
17,210.095,George MILLS,1999-05-12,GBR,"Letzigrund, Zürich (SUI)",31 AUG 2023,1231,2023
18,211.024,Samuel TANNER,2000-08-24,NZL,"Stadion Śląski, Chorzów (POL)",16 JUL 2023,1227,2023
19,211.025,Niels LAROS,2005-04-17,NED,"Nemzeti Atlétikai Központ, Budapest (HUN)",23 AUG 2023,1227,2023
20,211.028,Vincent Kibet KETER,2002-03-11,KEN,"Stadion Śląski, Chorzów (POL)",16 JUL 2023,1227,2023
21,211.03,Matthew STONIER,2001-09-24,GBR,"Olympic Stadium, London (GBR)",23 JUL 2023,1226,2023
22,211.042,Stewart MCSWEYN,1995-06-01,AUS,"Olympic Stadium, London (GBR)",23 JUL 2023,1225,2023
23,211.043,Adel MECHAAL,1990-12-05,ESP,"Olympic Stadium, London (GBR)",23 JUL 2023,1224,2023
24,211.049,Isaac NADER,1999-08-17,POR,"Stadion Śląski, Chorzów (POL)",16 JUL 2023,1224,2023
25,211.081,Adam SPENCER,2001-10-04,AUS,"Olympic Stadium, London (GBR)",23 JUL 2023,1219,2023
26,212.0,Andreas ALMGREN,1995-06-12,SWE,"Bislett Stadion, Oslo (NOR)",15 JUN 2023,1216,2023
27,212.01,Robert FARKEN,1997-09-20,GER,"Bungertstadion, Rehlingen (GER)",28 MAY 2023,1215,2023
28,212.024,Teddese LEMI,1999-01-20,ETH,"Bislett Stadion, Oslo (NOR)",15 JUN 2023,1213,2023
29,212.061,Hobbs KESSLER,2003-03-15,USA,"Drake Stadium, Los Angeles, CA (USA)",27 MAY 2023,1208,2023
30,212.06799999999998,Tshepo TSHITE,1997-01-15,RSA,"Stade Raymond Petit, Tomblaine (FRA)",18 JUN 2023,1207,2023
31,212.074,Cooper TEARE,1999-08-18,USA,"Drake Stadium, Los Angeles, CA (USA)",27 MAY 2023,1206,2023
32,212.087,Anass ESSAYI,2001-05-18,MAR,"Stade Raymond Troussier, Decines (FRA)",08 JUL 2023,1204,2023
33,212.09,Ryan MPHAHLELE,1998-06-20,RSA,"Green Point Stadium, Cape Town (RSA)",17 APR 2023,1204,2023
34,212.094,Charles PHILIBERT-THIBOUTOT,1990-12-31,CAN,"Stade Raymond Petit, Tomblaine (FRA)",18 JUN 2023,1203,2023
35,213.011,Pietro ARESE,1999-10-08,ITA,"Nemzeti Atlétikai Központ, Budapest (HUN)",20 AUG 2023,1201,2023
36,213.026,Cameron MYERS,2006-06-09,AUS,"Stadion Śląski, Chorzów (POL)",16 JUL 2023,1199,2023
37,213.05,Adrián BEN,1998-08-04,ESP,"Stadion Śląski, Chorzów (POL)",16 JUL 2023,1195,2023
38,213.06799999999998,Salim KEDDAR,1993-11-23,ALG,"Stade Raymond Petit, Tomblaine (FRA)",18 JUN 2023,1193,2023
39,213.077,Ruben VERHEYDEN,2000-12-22,BEL,"Stadion De Veen, Heusden-Zolder (BEL)",15 JUL 2023,1192,2023
40,213.079,Mohad ABDIKADAR SHEIK ALI,1993-06-12,ITA,"Stadio Colbachini, Padova (ITA)",03 SEP 2023,1191,2023
41,213.084,Brian KOMEN,1998-08-10,KEN,"Golęcin Stadion, Poznan (POL)",18 JUN 2023,1191,2023
42,213.089,Charles Cheboi SIMOTWO,1995-06-05,KEN,"Stadion De Veen, Heusden-Zolder (BEL)",15 JUL 2023,1190,2023
43,213.09,Jimmy GRESSIER,1997-05-04,FRA,Montesson (FRA),10 JUN 2023,1190,2023
43,213.09,Julian RANC,1996-09-14,FRA,"Stade Raymond Petit, Tomblaine (FRA)",18 JUN 2023,1190,2023
45,213.09199999999998,Ossama MESLEK,1997-01-08,ITA,"Stadio Colbachini, Padova (ITA)",03 SEP 2023,1190,2023
46,213.099,Kamar ETIANG,2002-10-14,KEN,"Stade des Grands Pêchers, Montreuil (FRA)",31 MAY 2023,1189,2023
47,214.0,Ismael DEBJANI,1990-09-25,BEL,"Stadio Colbachini, Padova (ITA)",03 SEP 2023,1188,2023
48,214.002,Daniel MUNGUTI,1995-02-28,KEN,"Paul-Greifzu-Stadion, Dessau (GER)",17 JUN 2023,1188,2023
49,214.012,Amon KEMBOI,1995-12-10,KEN,"Mt. Hood Community College, Gresham, OR (USA)",04 JUN 2023,1187,2023
50,214.016,Jochem VERMEULEN,1998-08-02,BEL,"Stadion De Veen, Heusden-Zolder (BEL)",15 JUL 2023,1186,2023
50,214.016,Emil DANIELSSON,1997-09-05,SWE,"Nemzeti Atlétikai Központ, Budapest (HUN)",20 AUG 2023,1186,2023
52,214.02,Elzan BIBIĆ,1999-01-08,SRB,"Stadion Wankdorf, Bern (SUI)",04 AUG 2023,1186,2023
53,214.024,Casey COMBER,1996-11-04,USA,"Parc des Sports C. Ehrmann, Nice (FRA)",17 JUN 2023,1185,2023
54,214.029,Romain MORNET,1997-11-08,FRA,Montesson (FRA),10 JUN 2023,1184,2023
54,214.029,Melkeneh AZIZE,2005-01-01,ETH,"Stade Raymond Petit, Tomblaine (FRA)",18 JUN 2023,1184,2023
54,214.029,Ignacio FONTES,1998-06-22,ESP,"Stade Delort, Marseille (FRA)",17 JUL 2023,1184,2023
57,214.03199999999998,Charles GRETHEN,1992-06-02,LUX,"Nemzeti Atlétikai Központ, Budapest (HUN)",19 AUG 2023,1184,2023
58,214.034,Benoit CAMPION,1998-02-12,FRA,"Parc des Sports C. Ehrmann, Nice (FRA)",17 JUN 2023,1184,2023
59,214.035,John GREGOREK,1991-12-07,USA,"Mt. Hood Community College, Gresham, OR (USA)",04 JUN 2023,1184,2023
60,214.039,Amos BARTELSMEYER,1994-07-25,GER,"Mt. Hood Community College, Gresham, OR (USA)",04 JUN 2023,1183,2023
61,214.05,Eric HOLT,1995-05-12,USA,"Los Angeles, CA (USA)",22 JUL 2023,1181,2023
61,214.05,Tom ELMER,1997-04-01,SUI,"Stadion Wankdorf, Bern (SUI)",04 AUG 2023,1181,2023
63,214.051,Salim Abu MAYANJA,1995-10-09,UGA,"Golęcin Stadion, Poznan (POL)",18 JUN 2023,1181,2023
64,214.052,Peter BOL,1994-02-22,AUS,"Stade Raymond Troussier, Decines (FRA)",08 JUL 2023,1181,2023
65,214.055,Kasey KNEVELBAARD,1996-09-02,USA,"Parc des Sports C. Ehrmann, Nice (FRA)",17 JUN 2023,1181,2023
65,214.055,Henry WYNNE,1995-04-18,USA,"Los Angeles, CA (USA)",22 JUL 2023,1181,2023
65,214.055,Kieran LUMB,1998-08-02,CAN,"Stadio Colbachini, Padova (ITA)",03 SEP 2023,1181,2023
68,214.05599999999998,Justin KIPKOECH,1998-09-18,KEN,"Golęcin Stadion, Poznan (POL)",18 JUN 2023,1181,2023
69,214.063,Samuel PRAKEL,1994-10-29,USA,"Mt. Hood Community College, Gresham, OR (USA)",04 JUN 2023,1180,2023
70,214.064,Joe WASKOM,2001-04-12,USA,"Stadio G. Teghil, Lignano Sabbiadoro (ITA)",14 JUL 2023,1180,2023
71,214.071,Adisu GIRMA,1999-12-10,ETH,"Zdzisław Krzyszkowiak Stadium, Bydgoszcz (POL)",06 JUN 2023,1179,2023
72,214.076,Luke MCCANN,1998-03-12,IRL,"Utilita Arena Birmingham, Birmingham (GBR) (i)",25 FEB 2023,1231,2023
73,214.085,Bastien AUGUSTO,1999-08-10,FRA,"Stade Delort, Marseille (FRA)",17 JUL 2023,1177,2023
74,214.099,Grant FISHER,1997-04-22,USA,"Gallur, Madrid (ESP) (i)",22 FEB 2023,1228,2023
75,215.012,Pieter SISK,1999-12-08,BEL,"Putbosstadion, Oordegem (BEL)",10 JUN 2023,1173,2023
76,215.015,Festus LAGAT,1996-10-10,KEN,"Los Angeles, CA (USA)",22 JUL 2023,1173,2023
77,215.016,Fouad MESSAOUDI,2001-01-07,MAR,"Cougar Athletic Stadium, Azusa, CA (USA)",15 APR 2023,1172,2023
78,215.022,Arthur GERVAIS,2000-02-28,FRA,Montesson (FRA),10 JUN 2023,1172,2023
78,215.022,Dominic Lokinyomo LOBALU,1998-08-16,SSD,"Stadio Comunale, Bellinzona (SUI)",04 SEP 2023,1172,2023
80,215.025,Alexis MIELLET,1995-05-05,FRA,"Stade Raymond Petit, Tomblaine (FRA)",18 JUN 2023,1171,2023
81,215.031,Baptiste MISCHLER,1997-11-23,FRA,"Stade Raymond Petit, Tomblaine (FRA)",18 JUN 2023,1170,2023
82,215.03300000000002,Andrew HUNTER,1997-09-05,USA,"Mt. Hood Community College, Gresham, OR (USA)",04 JUN 2023,1170,2023
83,215.035,Marius PROBST,1995-08-20,GER,"Stadion De Veen, Heusden-Zolder (BEL)",15 JUL 2023,1170,2023
84,215.038,Ashenafi EMANA,2005-03-15,ETH,"Estadio Iberoamericano, Huelva (ESP)",06 JUN 2023,1169,2023
84,215.038,Jesús GÓMEZ,1991-04-24,ESP,"Stade Raymond Petit, Tomblaine (FRA)",18 JUN 2023,1169,2023
86,215.039,Callum ELSON,1998-12-31,GBR,"Tooting Bec Athletics Track, London (GBR)",26 JUL 2023,1169,2023
87,215.04399999999998,James WEST,1996-01-30,GBR,"Stadio Comunale, Bellinzona (SUI)",04 SEP 2023,1168,2023
88,215.052,Matthew RAMSDEN,1997-07-23,AUS,"Zdzisław Krzyszkowiak Stadium, Bydgoszcz (POL)",06 JUN 2023,1167,2023
89,215.055,Vincent CIATTEI,1995-01-21,USA,"Rhodes College, Memphis, TN (USA)",04 AUG 2023,1167,2023
90,215.06,Hicham AKANKAM,1998-04-04,MAR,"Estadio Iberoamericano, Huelva (ESP)",06 JUN 2023,1166,2023
91,215.065,Joao BUSSOTTI NEVES,1993-05-10,ITA,"Stadio G. Teghil, Lignano Sabbiadoro (ITA)",14 JUL 2023,1166,2023
92,215.066,Abdellatif SADIKI,1999-01-15,MAR,"Stade des Grands Pêchers, Montreuil (FRA)",31 MAY 2023,1165,2023
93,215.07,Samuel ZELEKE,1999-03-09,ETH,"Pistes d'atletisme Gaetà Huguet, Castellón (ESP)",14 JUN 2023,1165,2023
93,215.07,Adam FOGG,1999-01-27,GBR,"TSV Stadion, Pfungstadt (GER)",21 JUN 2023,1165,2023
95,215.075,Gonzalo GARCÍA,1995-01-26,ESP,"Stade Delort, Marseille (FRA)",17 JUL 2023,1164,2023
96,215.077,Pol ORIACH,2002-09-20,ESP,"Pistes d'atletisme Gaetà Huguet, Castellón (ESP)",14 JUN 2023,1164,2023
97,215.078,Saúl ORDÓÑEZ,1994-04-10,ESP,"Estadio Iberoamericano, Huelva (ESP)",06 JUN 2023,1164,2023
97,215.078,Mike FOPPEN,1996-11-29,NED,"Stade Raymond Troussier, Decines (FRA)",08 JUL 2023,1164,2023
99,215.084,Christian NOBLE,1997-04-21,USA,"Boston Univ. Track & Tennis Center, Boston, MA (USA) (i)",10 FEB 2023,1216,2023
100,215.089,Quentin MALRIQ,1999-11-25,FRA,Montesson (FRA),10 JUN 2023,1162,2023
1,209.002,Jakob INGEBRIGTSEN,2000-09-19,NOR,"Letzigrund, Zürich (SUI)",08 SEP 2022,1259,2022
2,209.023,Jake WIGHTMAN,1994-07-11,GBR,"Hayward Field, Eugene, OR (USA)",19 JUL 2022,1256,2022
3,209.09,Mohamed KATIR,1998-02-17,ESP,"Hayward Field, Eugene, OR (USA)",19 JUL 2022,1246,2022
4,209.093,Abel KIPSANG,1996-11-22,KEN,"Stade Olympique de la Pontaise, Lausanne (SUI)",26 AUG 2022,1246,2022
5,210.012,Oliver HOARE,1997-01-29,AUS,"Alexander Stadium, Birmingham (GBR)",06 AUG 2022,1243,2022
6,210.018,Stewart MCSWEYN,1995-06-01,AUS,"Stade Olympique de la Pontaise, Lausanne (SUI)",26 AUG 2022,1242,2022
7,210.02,Mario GARCÍA,1999-06-29,ESP,"Hayward Field, Eugene, OR (USA)",19 JUL 2022,1242,2022
8,210.02100000000002,Timothy CHERUIYOT,1995-11-20,KEN,"Alexander Stadium, Birmingham (GBR)",06 AUG 2022,1242,2022
9,210.06,Josh KERR,1997-10-08,GBR,"Hayward Field, Eugene, OR (USA)",19 JUL 2022,1236,2022
10,211.008,Jake HEYWARD,1999-04-26,GBR,"Alexander Stadium, Birmingham (GBR)",06 AUG 2022,1229,2022
11,211.034,Samuel TANNER,2000-08-24,NZL,"Alexander Stadium, Birmingham (GBR)",06 AUG 2022,1226,2022
12,212.043,Michał ROZMYS,1995-03-13,POL,"Stade Olympique de la Pontaise, Lausanne (SUI)",26 AUG 2022,1210,2022
13,212.05,Matthew STONIER,2001-09-24,GBR,"Alexander Stadium, Birmingham (GBR)",06 AUG 2022,1209,2022
14,212.077,Samuel TEFERA,1999-10-23,ETH,"Štark Arena, Beograd (SRB) (i)",20 MAR 2022,1260,2022
15,212.09300000000002,Neil GOURLEY,1995-02-07,GBR,"Alexander Stadium, Birmingham (GBR)",06 AUG 2022,1203,2022
16,212.098,Teddese LEMI,1999-01-20,ETH,"Hayward Field, Eugene, OR (USA)",19 JUL 2022,1203,2022
17,213.016,Charles GRETHEN,1992-06-02,LUX,"Letzigrund, Zürich (SUI)",08 SEP 2022,1200,2022
18,213.026,Yared NUGUSE,1999-06-01,USA,"Stadio Colbachini, Padova (ITA)",04 SEP 2022,1199,2022
19,213.05599999999998,Elliot GILES,1994-05-26,GBR,"Alexander Stadium, Birmingham (GBR)",06 AUG 2022,1195,2022
20,213.074,Eliud KIPSANG,1996-09-09,KEN,"Cougar Athletic Stadium, Azusa, CA (USA)",15 APR 2022,1192,2022
21,213.08100000000002,Jonathan DAVIS,1997-10-10,USA,"Jack Kemp Stadium, Los Angeles, CA (USA)",15 JUL 2022,1191,2022
22,213.09300000000002,Abdellatif SADIKI,1999-01-15,MAR,"Complexe Sportif Prince Moulay Abdellah, Rabat (MAR)",05 JUN 2022,1189,2022
23,213.097,William PAULSON,1994-11-17,CAN,"Cougar Athletic Stadium, Azusa, CA (USA)",15 APR 2022,1189,2022
24,214.002,Reynold CHERUIYOT,2004-07-30,KEN,"Stadion De Veen, Heusden-Zolder (BEL)",02 JUL 2022,1188,2022
25,214.03199999999998,Charlie HUNTER,1996-07-20,AUS,"Jack Kemp Stadium, Los Angeles, CA (USA)",15 JUL 2022,1184,2022
26,214.039,Ismael DEBJANI,1990-09-25,BEL,"Complexe Sportif Prince Moulay Abdellah, Rabat (MAR)",05 JUN 2022,1183,2022
27,214.065,Festus LAGAT,1996-10-10,KEN,"Jack Kemp Stadium, Los Angeles, CA (USA)",15 JUL 2022,1179,2022
28,214.066,Ryan MPHAHLELE,1998-06-20,RSA,"Alexander Stadium, Birmingham (GBR)",06 AUG 2022,1179,2022
29,214.071,Ignacio FONTES,1998-06-22,ESP,"Hayward Field, Eugene, OR (USA)",19 JUL 2022,1179,2022
30,214.073,Kumari TAKI,1999-05-06,KEN,"Moi International Sports Centre, Kasarani, Nairobi (KEN)",25 JUN 2022,1178,2022
31,214.07999999999998,Samuel ZELEKE,1999-03-09,ETH,"Complexe Sportif Prince Moulay Abdellah, Rabat (MAR)",05 JUN 2022,1177,2022
32,214.08100000000002,Cooper TEARE,1999-08-18,USA,"Hayward Field, Eugene, OR (USA)",06 MAY 2022,1177,2022
33,214.086,Andrew HUNTER,1997-09-05,USA,"Jack Kemp Stadium, Los Angeles, CA (USA)",15 JUL 2022,1177,2022
34,214.09199999999998,Samuel PRAKEL,1994-10-29,USA,"Jack Kemp Stadium, Los Angeles, CA (USA)",15 JUL 2022,1176,2022
35,215.0,Pietro ARESE,1999-10-08,ITA,"Olympiastadion, München (GER)",18 AUG 2022,1175,2022
36,215.002,Charles PHILIBERT-THIBOUTOT,1990-12-31,CAN,"Hayward Field, Eugene, OR (USA)",16 JUL 2022,1174,2022
37,215.005,Azeddine HABZ,1993-07-19,FRA,"TSV Stadion, Pfungstadt (GER)",07 SEP 2022,1174,2022
38,215.007,Vincent CIATTEI,1995-01-21,USA,"Hayward Field, Eugene, OR (USA)",28 MAY 2022,1174,2022
39,215.017,Robert HEPPENSTALL,1997-02-28,CAN,"Jack Kemp Stadium, Los Angeles, CA (USA)",15 JUL 2022,1172,2022
40,215.018,Cole HOCKER,2001-06-06,USA,"Stadio Colbachini, Padova (ITA)",04 SEP 2022,1172,2022
41,215.019,Ruben VERHEYDEN,2000-12-22,BEL,"Stadion De Veen, Heusden-Zolder (BEL)",02 JUL 2022,1172,2022
42,215.029,John GREGOREK,1991-12-07,USA,"Griswold Stadium, Portland, OR (USA)",11 JUN 2022,1171,2022
43,215.03,Adel MECHAAL,1990-12-05,ESP,"Utilita Arena Birmingham, Birmingham (GBR) (i)",19 FEB 2022,1223,2022
43,215.03,George MILLS,1999-05-12,GBR,"Olympiastadion, Berlin (GER)",04 SEP 2022,1170,2022
45,215.043,Andrew COSCORAN,1996-06-18,IRL,"Stadio Colbachini, Padova (ITA)",04 SEP 2022,1169,2022
46,215.04399999999998,Robert FARKEN,1997-09-20,GER,"Utilita Arena Birmingham, Birmingham (GBR) (i)",19 FEB 2022,1221,2022
47,215.048,Hicham OULADHA,1995-01-31,MAR,"Complexe Sportif Prince Moulay Abdellah, Rabat (MAR)",05 JUN 2022,1168,2022
48,215.051,David RIBICH,1995-12-27,USA,"Jack Kemp Stadium, Los Angeles, CA (USA)",15 JUL 2022,1168,2022
49,215.053,Grant FISHER,1997-04-22,USA,"Griswold Stadium, Portland, OR (USA)",11 JUN 2022,1167,2022
50,215.055,Joshua THOMPSON,1993-05-09,USA,"Hayward Field, Eugene, OR (USA)",17 JUL 2022,1167,2022
51,215.06,Ronald MUSAGALA,1992-12-16,UGA,"Stadion De Veen, Heusden-Zolder (BEL)",02 JUL 2022,1166,2022
52,215.062,Vladimir NIKITIN,1992-08-05,RUS,"Yelena Yelesina Stadium, Chelyabinsk (RUS)",23 JUN 2022,1166,2022
53,215.065,Luke MCCANN,1998-03-12,IRL,"Stadion De Veen, Heusden-Zolder (BEL)",02 JUL 2022,1166,2022
54,215.066,Tom ELMER,1997-04-01,SUI,"TSV Stadion, Pfungstadt (GER)",07 SEP 2022,1165,2022
55,215.067,Mike FOPPEN,1996-11-29,NED,"TSV Stadion, Pfungstadt (GER)",07 SEP 2022,1165,2022
56,215.06900000000002,Mohamed ABDILAAHI,1999-03-24,GER,"Zdzisław Krzyszkowiak Stadium, Bydgoszcz (POL)",03 JUN 2022,1165,2022
57,215.073,Illia KARNAVUKHAU,1999-07-03,BLR,"Dinamo National Olympic Stadium, Minsk (BLR)",17 AUG 2022,1165,2022
58,215.07999999999998,Eric HOLT,1995-05-12,USA,"Billy J. Murphy Track and Field Complex, Memphis, TN (USA)",29 JUL 2022,1164,2022
59,215.08100000000002,Adisu GIRMA,1999-12-10,ETH,"Zdzisław Krzyszkowiak Stadium, Bydgoszcz (POL)",03 JUN 2022,1163,2022
60,215.082,Paul RYAN,1997-05-29,USA,"Griswold Stadium, Portland, OR (USA)",11 JUN 2022,1163,2022
61,215.086,Peter BOL,1994-02-22,AUS,"Stade Raymond Troussier, Decines (FRA)",11 JUN 2022,1163,2022
61,215.086,George Meitamei MANANGOI,2000-11-29,KEN,"Moi International Sports Centre, Kasarani, Nairobi (KEN)",25 JUN 2022,1163,2022
61,215.086,Santiago CATROFE,1999-02-13,URU,"Hayward Field, Eugene, OR (USA)",16 JUL 2022,1163,2022
64,215.09199999999998,Gonzalo GARCÍA,1995-01-26,ESP,Castellón (ESP),16 JUN 2022,1162,2022
65,215.097,Elhassane MOUJAHID,2000-01-19,MAR,"Complexe Sportif Prince Moulay Abdellah, Rabat (MAR)",05 JUN 2022,1161,2022
66,216.0,Christian NOBLE,1997-04-21,USA,"Hayward Field, Eugene, OR (USA)",22 APR 2022,1161,2022
67,216.004,Ossama MESLEK,1997-01-08,ITA,"Stadio G. Teghil, Lignano Sabbiadoro (ITA)",30 JUL 2022,1160,2022
68,216.00900000000001,Tshepo TSHITE,1997-01-15,RSA,"Green Point Stadium, Cape Town (RSA)",23 MAR 2022,1160,2022
68,216.00900000000001,Cameron PROCEVIAT,1993-09-20,CAN,"Griswold Stadium, Portland, OR (USA)",11 JUN 2022,1160,2022
68,216.00900000000001,Jimmy GRESSIER,1997-05-04,FRA,"Stade Raymond Troussier, Decines (FRA)",11 JUN 2022,1160,2022
68,216.00900000000001,Daniel KIMAIYO,2004-08-10,KEN,"Nyayo National Stadium, Nairobi (KEN)",02 JUL 2022,1160,2022
68,216.00900000000001,Jochem VERMEULEN,1998-08-02,BEL,"TSV Stadion, Pfungstadt (GER)",26 JUL 2022,1160,2022
73,216.011,Baptiste MISCHLER,1997-11-23,FRA,"Complexe Sportif Prince Moulay Abdellah, Rabat (MAR)",05 JUN 2022,1159,2022
74,216.012,Piers COPELAND,1998-11-26,GBR,"Utilita Arena Birmingham, Birmingham (GBR) (i)",19 FEB 2022,1212,2022
74,216.012,Daniel MUNGUTI,1995-02-28,KEN,"Zdzisław Krzyszkowiak Stadium, Bydgoszcz (POL)",03 JUN 2022,1159,2022
76,216.022,Filip SASÍNEK,1996-01-08,CZE,"Zdzisław Krzyszkowiak Stadium, Bydgoszcz (POL)",03 JUN 2022,1158,2022
76,216.022,Sam PARSONS,1994-06-18,GER,"Olympiastadion, Berlin (GER)",04 SEP 2022,1158,2022
78,216.023,Narve Gilje NORDÅS,1998-09-30,NOR,"Estadio Iberoamericano, Huelva (ESP)",25 MAY 2022,1158,2022
79,216.028,Colby ALEXANDER,1991-06-13,USA,"Armory Track&Field Center, New York, NY (USA) (i)",29 JAN 2022,1209,2022
79,216.028,Ermias GIRMA,2005-01-20,ETH,"Putbosstadion, Oordegem (BEL)",28 MAY 2022,1157,2022
81,216.03,Elzan BIBIĆ,1999-01-08,SRB,"Olympiastadion, Berlin (GER)",04 SEP 2022,1157,2022
82,216.03300000000002,Abdihamid NUR,1997-10-14,USA,"Cougar Athletic Stadium, Azusa, CA (USA)",15 APR 2022,1156,2022
83,216.038,Adehena KASAYE,2003-09-13,ETH,"Pista Coberta de Catalunya, Sabadell (ESP) (i)",08 FEB 2022,1208,2022
83,216.038,Matthew RAMSDEN,1997-07-23,AUS,"Stadio Colbachini, Padova (ITA)",04 SEP 2022,1156,2022
85,216.041,Adrián BEN,1998-08-04,ESP,"Estadio Iberoamericano, Huelva (ESP)",25 MAY 2022,1155,2022
86,216.043,Tarik MOUKRIME,1992-03-03,BEL,"Stadion De Veen, Heusden-Zolder (BEL)",02 JUL 2022,1155,2022
87,216.04399999999998,Reed BROWN,1998-08-06,USA,"Hayward Field, Eugene, OR (USA)",22 APR 2022,1155,2022
88,216.048,Hafid RIZQY,1997-10-26,MAR,"Complexe Sportif Prince Moulay Abdellah, Rabat (MAR)",27 APR 2022,1154,2022
89,216.05,Isaac NADER,1999-08-17,POR,"Pista Coberta de Catalunya, Sabadell (ESP) (i)",08 FEB 2022,1206,2022
90,216.052,Stijn BAETEN,1994-06-03,BEL,"Stadion De Veen, Heusden-Zolder (BEL)",02 JUL 2022,1154,2022
91,216.053,Geordie BEAMISH,1996-10-24,NZL,"JSerra Catholic HS, San Juan Capistrano, CA (USA)",06 MAR 2022,1154,2022
92,216.054,Jack ANSTEY,1997-04-08,AUS,"Jack Kemp Stadium, Los Angeles, CA (USA)",15 JUL 2022,1153,2022
93,216.055,Kazuto IIZAWA,2001-02-02,JPN,"Denka Big Swan Stadium, Niigata (JPN)",02 OCT 2022,1153,2022
94,216.059,Ryuji MIURA,2002-02-11,JPN,"Egao Kenko Stadium, Kumamoto (JPN)",09 APR 2022,1153,2022
95,216.063,Christoph KESSLER,1995-04-28,GER,Karlsruhe (GER),21 MAY 2022,1152,2022
95,216.063,Hobbs KESSLER,2003-03-15,USA,"Hayward Field, Eugene, OR (USA)",28 MAY 2022,1152,2022
95,216.063,Jorge David TORRE,1998-02-11,ESP,Castellón (ESP),16 JUN 2022,1152,2022
95,216.063,Nanami ARAI,1994-12-26,JPN,"Athletics Stadium, Fukagawa (JPN)",22 JUN 2022,1152,2022
99,216.065,Hicham AKANKAM,1998-04-04,MAR,"Complexe Sportif Prince Moulay Abdellah, Rabat (MAR)",22 MAY 2022,1152,2022
100,216.067,Sean MCGORTY,1995-03-08,USA,"Billy J. Murphy Track and Field Complex, Memphis, TN (USA)",29 JUL 2022,1152,2022
1,208.028,Timothy CHERUIYOT,1995-11-20,KEN,"Stade Louis II, Monaco (MON)",09 JUL 2021,1269,2021
2,208.032,Jakob INGEBRIGTSEN,2000-09-19,NOR,"National Stadium, Tokyo (JPN)",07 AUG 2021,1269,2021
3,208.076,Mohamed KATIR,1998-02-17,ESP,"Stade Louis II, Monaco (MON)",09 JUL 2021,1262,2021
4,209.005,Josh KERR,1997-10-08,GBR,"National Stadium, Tokyo (JPN)",07 AUG 2021,1258,2021
5,209.051,Stewart MCSWEYN,1995-06-01,AUS,"Stade Louis II, Monaco (MON)",09 JUL 2021,1252,2021
6,209.056,Abel KIPSANG,1996-11-22,KEN,"National Stadium, Tokyo (JPN)",07 AUG 2021,1251,2021
7,210.03,Charles Cheboi SIMOTWO,1995-06-05,KEN,"Stade Louis II, Monaco (MON)",09 JUL 2021,1240,2021
8,210.042,Marcin LEWANDOWSKI,1987-06-13,POL,"Stade Louis II, Monaco (MON)",09 JUL 2021,1239,2021
9,210.071,Samuel TEFERA,1999-10-23,ETH,"Stade Louis II, Monaco (MON)",09 JUL 2021,1235,2021
10,210.077,Adel MECHAAL,1990-12-05,ESP,"National Stadium, Tokyo (JPN)",07 AUG 2021,1234,2021
11,211.04,Cole HOCKER,2001-06-06,USA,"National Stadium, Tokyo (JPN)",07 AUG 2021,1225,2021
12,211.074,Azeddine HABZ,1993-07-19,FRA,"Stade Louis II, Monaco (MON)",09 JUL 2021,1220,2021
13,211.082,Melese NBERET,2001-01-29,ETH,"Stade Louis II, Monaco (MON)",09 JUL 2021,1219,2021
14,211.09,Teddese LEMI,1999-01-20,ETH,"FBK Stadium, Hengelo (NED)",08 JUN 2021,1218,2021
15,211.095,Soufiane EL BAKKALI,1996-01-07,MAR,"Suhaim bin Hamad Stadium, Doha (QAT)",28 MAY 2021,1217,2021
16,212.023,Filip INGEBRIGTSEN,1993-04-20,NOR,"Stade Louis II, Monaco (MON)",09 JUL 2021,1213,2021
17,212.035,Oliver HOARE,1997-01-29,AUS,"Ocean Breeze Athl. Complex, New York, NY (USA) (i)",13 FEB 2021,1266,2021
18,212.041,Adam Ali MUSAB,1995-04-17,QAT,"Aspire Academy Warm Up Track, Doha (QAT)",14 FEB 2021,1211,2021
19,212.042,Baptiste MISCHLER,1997-11-23,FRA,"Stade Louis II, Monaco (MON)",09 JUL 2021,1211,2021
20,212.067,Michał ROZMYS,1995-03-13,POL,"National Stadium, Tokyo (JPN)",07 AUG 2021,1207,2021
21,212.07999999999998,Samuel ZELEKE,1999-03-09,ETH,"FBK Stadium, Hengelo (NED)",08 JUN 2021,1205,2021
22,212.082,Jake HEYWARD,1999-04-26,GBR,"National Stadium, Tokyo (JPN)",05 AUG 2021,1205,2021
23,212.086,Charles GRETHEN,1992-06-02,LUX,"National Stadium, Tokyo (JPN)",05 AUG 2021,1204,2021
24,212.097,Selemon BAREGA,2000-01-20,ETH,"Arena, Toruń (POL) (i)",17 FEB 2021,1257,2021
25,213.006,Ismael DEBJANI,1990-09-25,BEL,"Centre sportif Bout-du-Monde, Genève (SUI)",12 JUN 2021,1202,2021
26,213.012,Kamar ETIANG,2002-10-14,KEN,"Moi International Sports Centre, Kasarani, Nairobi (KEN)",19 JUN 2021,1201,2021
27,213.023,Jye EDWARDS,1998-03-06,AUS,"Stade Louis II, Monaco (MON)",09 JUL 2021,1199,2021
28,213.027,Ignacio FONTES,1998-06-22,ESP,"Olympiastadion, Stockholm (SWE)",04 JUL 2021,1199,2021
29,213.034,Ronald KWEMOI,1995-09-19,KEN,"Letzigrund, Zürich (SUI)",09 SEP 2021,1198,2021
30,213.041,Justyn KNIGHT,1996-07-19,CAN,"Hilmer Lodge Stadium, Walnut, CA (USA)",09 MAY 2021,1197,2021
31,213.048,Jake WIGHTMAN,1994-07-11,GBR,"National Stadium, Tokyo (JPN)",05 AUG 2021,1196,2021
32,213.059,Abdellatif SADIKI,1999-01-15,MAR,"National Stadium, Tokyo (JPN)",05 AUG 2021,1194,2021
33,213.064,Bethwell BIRGEN,1988-08-06,KEN,"Suhaim bin Hamad Stadium, Doha (QAT)",28 MAY 2021,1193,2021
33,213.064,Craig ENGELS,1994-05-01,USA,"Griswold Stadium, Portland, OR (USA)",29 MAY 2021,1193,2021
35,213.065,Colby ALEXANDER,1991-06-13,USA,"Trabuco Hills HS, Mission Viejo, CA (USA)",18 JUL 2021,1193,2021
36,213.06900000000002,Matthew CENTROWITZ,1989-10-18,USA,"National Stadium, Tokyo (JPN)",05 AUG 2021,1193,2021
37,213.074,Melkeneh AZIZE,2005-01-01,ETH,"FBK Stadium, Hengelo (NED)",08 JUN 2021,1192,2021
38,213.07999999999998,Elliot GILES,1994-05-26,GBR,"Stade Delort, Marseille (FRA)",09 JUN 2021,1191,2021
39,213.08100000000002,Charlie DA'VALL GRICE,1993-11-07,GBR,"Griswold Stadium, Portland, OR (USA)",29 MAY 2021,1191,2021
39,213.08100000000002,Sadik MIKHOU,1990-07-25,BRN,"Stadion Radés, Radés (TUN)",17 JUN 2021,1191,2021
41,213.099,Ronald MUSAGALA,1992-12-16,UGA,"Olympiastadion, Stockholm (SWE)",04 JUL 2021,1189,2021
42,214.008,Henry WYNNE,1995-04-18,USA,"Griswold Stadium, Portland, OR (USA)",29 MAY 2021,1187,2021
42,214.008,Matthew RAMSDEN,1997-07-23,AUS,"Stadion De Veen, Heusden-Zolder (BEL)",03 JUL 2021,1187,2021
44,214.013,Brahim KAAZOUZI,1990-06-15,MAR,"Stade Delort, Marseille (FRA)",09 JUN 2021,1187,2021
45,214.02100000000002,Wegene ADISU,2004-05-27,ETH,"FBK Stadium, Hengelo (NED)",08 JUN 2021,1186,2021
46,214.024,Abdirahman Saeed HASSAN,1997-04-13,QAT,"Estadio Enrique Lopez Cuenca, Nerja (ESP)",12 MAY 2021,1185,2021
47,214.036,Hobbs KESSLER,2003-03-15,USA,"Griswold Stadium, Portland, OR (USA)",29 MAY 2021,1183,2021
48,214.043,Charles PHILIBERT-THIBOUTOT,1990-12-31,CAN,"Cougar Athletic Stadium, Azusa, CA (USA)",25 JUL 2021,1182,2021
48,214.043,Simon DENISSEL,1990-05-22,FRA,"Boudewijnstadion, Bruxelles (BEL)",03 SEP 2021,1182,2021
50,214.049,John GREGOREK,1991-12-07,USA,"Cougar Athletic Stadium, Azusa, CA (USA)",25 JUL 2021,1182,2021
51,214.05700000000002,Vincent CIATTEI,1995-01-21,USA,"Griswold Stadium, Portland, OR (USA)",29 MAY 2021,1181,2021
52,214.058,Anass ESSAYI,2001-05-18,MAR,"FBK Stadium, Hengelo (NED)",08 JUN 2021,1180,2021
53,214.062,Piers COPELAND,1998-11-26,GBR,"Stade Delort, Marseille (FRA)",09 JUN 2021,1180,2021
54,214.064,Robert FARKEN,1997-09-20,GER,"Eintracht-Stadion, Braunschweig (GER)",06 JUN 2021,1180,2021
55,214.06799999999998,Yared NUGUSE,1999-06-01,USA,"Paul Derr TF Facility, Raleigh, NC (USA)",13 MAY 2021,1179,2021
56,214.072,Samuel TANNER,2000-08-24,NZL,"Ocean Breeze Athl. Complex, New York, NY (USA) (i)",13 FEB 2021,1232,2021
57,215.02100000000002,Vincent Kibet KETER,2002-03-11,KEN,"Sollentunavallen, Sollentuna (SWE)",13 JUN 2021,1172,2021
57,215.02100000000002,Jochem VERMEULEN,1998-08-02,BEL,"Stadion De Veen, Heusden-Zolder (BEL)",03 JUL 2021,1172,2021
59,215.024,Amos BARTELSMEYER,1994-07-25,GER,"Griswold Stadium, Portland, OR (USA)",29 MAY 2021,1171,2021
60,215.026,Boaz KIPRUGUT,1998-05-18,KEN,"Stadion Juliska, Praha (CZE)",07 JUN 2021,1171,2021
61,215.03199999999998,Luis GRIJALVA,1999-04-10,GUA,"Trabuco Hills HS, Mission Viejo, CA (USA)",18 JUL 2021,1170,2021
62,215.041,Nick WILLIS,1983-04-25,NZL,"National Stadium, Tokyo (JPN)",05 AUG 2021,1169,2021
63,215.042,William PAULSON,1994-11-17,CAN,"Griswold Stadium, Portland, OR (USA)",29 MAY 2021,1169,2021
63,215.042,Kazuki KAWAMURA,1997-11-13,JPN,"Aoba Park Athletic Field, Chitose (JPN)",17 JUL 2021,1169,2021
65,215.04500000000002,Mason FERLIC,1993-08-05,USA,"Griswold Stadium, Portland, OR (USA)",29 MAY 2021,1168,2021
66,215.049,Eliud KIPSANG,1996-09-09,KEN,"University of North Florda Jax Track at Hodges Stadium, Jacksonville, FL (USA)",28 MAY 2021,1168,2021
67,215.054,Getnet WALE,2000-07-16,ETH,"Stade couvert Jesse Owens, Val-de-Reuil (FRA) (i)",14 FEB 2021,1220,2021
68,215.059,James WEST,1996-01-30,GBR,"Hayward Field, Eugene, OR (USA)",13 JUN 2021,1166,2021
69,215.06,Lamecha GIRMA,2000-11-26,ETH,"Stade couvert Jesse Owens, Val-de-Reuil (FRA) (i)",14 FEB 2021,1219,2021
69,215.06,Eric AVILA,1989-10-03,USA,"Griswold Stadium, Portland, OR (USA)",29 MAY 2021,1166,2021
71,215.063,Rob NAPOLITANO,1994-11-03,PUR,"Griswold Stadium, Portland, OR (USA)",03 JUN 2021,1166,2021
72,215.066,Andrew COSCORAN,1996-06-18,IRL,"Sollentunavallen, Sollentuna (SWE)",13 JUN 2021,1165,2021
73,215.07,Jesús GÓMEZ,1991-04-24,ESP,"Mestský Stadion, Ostrava (CZE)",19 MAY 2021,1165,2021
74,215.079,Neil GOURLEY,1995-02-07,GBR,"Arena, Toruń (POL) (i)",17 FEB 2021,1216,2021
74,215.079,Mario GARCÍA,1999-06-29,ESP,Castellón (ESP),29 JUN 2021,1164,2021
76,215.082,Santiago CATROFE,1999-02-13,URU,"Parc des Sports C. Ehrmann, Nice (FRA)",12 JUN 2021,1163,2021
76,215.082,Filip SASÍNEK,1996-01-08,CZE,"Stadio Comunale, Bellinzona (SUI)",14 SEP 2021,1163,2021
78,215.088,Joshua THOMPSON,1993-05-09,USA,"Griswold Stadium, Portland, OR (USA)",29 MAY 2021,1162,2021
78,215.088,Marius PROBST,1995-08-20,GER,"Eintracht-Stadion, Braunschweig (GER)",06 JUN 2021,1162,2021
80,215.097,Cooper TEARE,1999-08-18,USA,"Hayward Field, Eugene, OR (USA)",07 MAY 2021,1161,2021
80,215.097,Jimmy GRESSIER,1997-05-04,FRA,"Stade Delort, Marseille (FRA)",09 JUN 2021,1161,2021
82,216.003,Alexis MIELLET,1995-05-05,FRA,"Stade Delort, Marseille (FRA)",09 JUN 2021,1160,2021
83,216.015,Vincent KIBET,1991-05-06,KEN,"Suhaim bin Hamad Stadium, Doha (QAT)",28 MAY 2021,1159,2021
83,216.015,Peter CALLAHAN,1991-06-01,BEL,"McKenzie Community Track, Vida, OR (USA)",22 JUN 2021,1159,2021
85,216.018,Federico BRUNO,1993-06-18,ARG,Castellón (ESP),29 JUN 2021,1158,2021
86,216.019,Jakub HOLUŠA,1988-02-20,CZE,"Stadion Juliska, Praha (CZE)",07 JUN 2021,1158,2021
86,216.019,Salim KEDDAR,1993-11-23,ALG,"Stade Du Moulin Boisseau, Carquefou (FRA)",11 JUN 2021,1158,2021
88,216.028,Marc SCOTT,1993-12-21,GBR,"Irvine, CA (USA)",15 MAY 2021,1157,2021
89,216.031,George MILLS,1999-05-12,GBR,"Stade Delort, Marseille (FRA)",09 JUN 2021,1157,2021
90,216.036,Samuel PRAKEL,1994-10-29,USA,"Ocean Breeze Athl. Complex, New York, NY (USA) (i)",13 FEB 2021,1208,2021
91,216.037,Bram ANDERIESSEN,1999-08-01,NED,"Parc des Sports C. Ehrmann, Nice (FRA)",12 JUN 2021,1156,2021
92,216.042,Rorey HUNTER,1993-02-02,AUS,"Stade Raymond Troussier, Decines (FRA)",19 JUN 2021,1155,2021
93,216.04399999999998,Carlos MAYO,1995-09-18,ESP,"Estadi Joan Serrahima, Barcelona (ESP)",01 JUL 2021,1155,2021
94,216.048,Paul RYAN,1997-05-29,USA,"Cougar Athletic Stadium, Azusa, CA (USA)",25 JUL 2021,1154,2021
95,216.052,Grant FISHER,1997-04-22,USA,"Irvine, CA (USA)",15 MAY 2021,1154,2021
96,216.053,Waleed SULIMAN,1998-09-22,USA,"Ole Miss T&F Complex, Oxford, MS (USA)",10 APR 2021,1154,2021
97,216.062,Eric HOLT,1995-05-12,USA,"Griswold Stadium, Portland, OR (USA)",03 JUN 2021,1152,2021
98,216.063,István SZÖGI,1995-09-12,HUN,"Stade des Grands Pêchers, Montreuil (FRA)",01 JUN 2021,1152,2021
99,216.065,Joao BUSSOTTI NEVES,1993-05-10,ITA,"Parc des Sports C. Ehrmann, Nice (FRA)",12 JUN 2021,1152,2021
100,216.07,David RIBICH,1995-12-27,USA,"Trabuco Hills HS, Mission Viejo, CA (USA)",18 JUL 2021,1151,2021
1,208.04500000000002,Timothy CHERUIYOT,1995-11-20,KEN,"Stade Louis II, Monaco (MON)",14 AUG 2020,1267,2020
2,208.068,Jakob INGEBRIGTSEN,2000-09-19,NOR,"Stade Louis II, Monaco (MON)",14 AUG 2020,1264,2020
3,209.047,Jake WIGHTMAN,1994-07-11,GBR,"Stade Louis II, Monaco (MON)",14 AUG 2020,1252,2020
4,210.035,Filip INGEBRIGTSEN,1993-04-20,NOR,"Stade Louis II, Monaco (MON)",14 AUG 2020,1240,2020
5,210.051,Stewart MCSWEYN,1995-06-01,AUS,"Suhaim bin Hamad Stadium, Doha (QAT)",25 SEP 2020,1237,2020
6,212.06900000000002,Yomif KEJELCHA,1997-08-01,ETH,"Stade Louis II, Monaco (MON)",14 AUG 2020,1207,2020
7,212.097,Selemon BAREGA,2000-01-20,ETH,"Suhaim bin Hamad Stadium, Doha (QAT)",25 SEP 2020,1203,2020
8,213.007,Jesús GÓMEZ,1991-04-24,ESP,"Stade Louis II, Monaco (MON)",14 AUG 2020,1201,2020
9,213.04500000000002,Soufiane EL BAKKALI,1996-01-07,MAR,"Suhaim bin Hamad Stadium, Doha (QAT)",25 SEP 2020,1196,2020
10,213.072,Ignacio FONTES,1998-06-22,ESP,Castellón (ESP),24 AUG 2020,1192,2020
11,213.077,Lamecha GIRMA,2000-11-26,ETH,"Suhaim bin Hamad Stadium, Doha (QAT)",25 SEP 2020,1192,2020
12,213.099,Marcin LEWANDOWSKI,1987-06-13,POL,"Stade Louis II, Monaco (MON)",14 AUG 2020,1189,2020
13,214.007,James WEST,1996-01-30,GBR,"Suhaim bin Hamad Stadium, Doha (QAT)",25 SEP 2020,1187,2020
14,214.014,Kumari TAKI,1999-05-06,KEN,"Mestský Stadion, Ostrava (CZE)",08 SEP 2020,1186,2020
15,214.053,Josh KERR,1997-10-08,GBR,"Newberg, OR (USA)",31 JUL 2020,1181,2020
16,214.063,Charlie DA'VALL GRICE,1993-11-07,GBR,"Stade Louis II, Monaco (MON)",14 AUG 2020,1180,2020
16,214.063,Oliver HOARE,1997-01-29,AUS,"Lipscomb Academy, Nashville, TN (USA)",15 AUG 2020,1180,2020
18,214.077,Joshua THOMPSON,1993-05-09,USA,"Boston Univ. Track & Tennis Center, Boston, MA (USA) (i)",27 FEB 2020,1231,2020
19,214.083,Matthew RAMSDEN,1997-07-23,AUS,"Sports Park Mladost, Zagreb (CRO)",15 SEP 2020,1177,2020
20,214.089,Mohammed AHMED,1991-01-05,CAN,"Jesuit High School Track, Portland, OR (USA)",21 JUL 2020,1176,2020
21,214.098,Saúl ORDÓÑEZ,1994-04-10,ESP,Castellón (ESP),24 AUG 2020,1175,2020
22,215.0,Pierrik JOCTEUR-MONROZIER,1998-03-23,FRA,"Stade Louis II, Monaco (MON)",14 AUG 2020,1175,2020
23,215.002,Filip SASÍNEK,1996-01-08,CZE,"Mestský Stadion, Ostrava (CZE)",08 SEP 2020,1174,2020
24,215.007,Elzan BIBIĆ,1999-01-08,SRB,"Sports Park Mladost, Zagreb (CRO)",15 SEP 2020,1174,2020
25,215.022,Ryan GREGSON,1990-04-26,AUS,"Sports Park Mladost, Zagreb (CRO)",15 SEP 2020,1172,2020
26,215.026,Yemaneberhan CRIPPA,1996-10-15,ITA,"Stadio Quercia, Rovereto (ITA)",05 AUG 2020,1171,2020
27,215.03199999999998,Piers COPELAND,1998-11-26,GBR,"Suhaim bin Hamad Stadium, Doha (QAT)",25 SEP 2020,1170,2020
28,215.034,Kalle BERGLUND,1996-03-11,SWE,"Stade Louis II, Monaco (MON)",14 AUG 2020,1170,2020
29,215.042,Craig ENGELS,1994-05-01,USA,"Stade Louis II, Monaco (MON)",14 AUG 2020,1169,2020
30,215.043,Abel KIPSANG,1996-11-22,KEN,"Nyayo National Stadium, Nairobi (KEN)",03 OCT 2020,1169,2020
31,215.054,Samuel TEFERA,1999-10-23,ETH,"Arena Stade Couvert, Liévin (FRA) (i)",19 FEB 2020,1220,2020
32,215.059,William PAULSON,1994-11-17,CAN,"Newberg, OR (USA)",31 JUL 2020,1166,2020
33,215.06,Adam Ali MUSAB,1995-04-17,QAT,"Suhaim bin Hamad Stadium, Doha (QAT)",25 SEP 2020,1166,2020
34,215.085,Donavan BRAZIER,1997-04-15,USA,"Jesuit High School Track, Portland, OR (USA)",03 JUL 2020,1163,2020
35,215.087,Azeddine HABZ,1993-07-19,FRA,"Stade Delort, Marseille (FRA)",03 SEP 2020,1163,2020
36,215.09,Fernando CARRO,1992-04-01,ESP,Castellón (ESP),24 AUG 2020,1162,2020
37,215.09300000000002,Marc SCOTT,1993-12-21,GBR,"Jesuit High School Track, Portland, OR (USA)",21 JUL 2020,1162,2020
38,215.098,Kevin LÓPEZ,1990-06-12,ESP,"Stade Delort, Marseille (FRA)",03 SEP 2020,1161,2020
39,216.001,Mike FOPPEN,1996-11-29,NED,"Mestský Stadion, Ostrava (CZE)",08 SEP 2020,1161,2020
40,216.004,Jimmy GRESSIER,1997-05-04,FRA,"Mestský Stadion, Ostrava (CZE)",08 SEP 2020,1160,2020
41,216.011,John GREGOREK,1991-12-07,USA,"Bethel HS, Bethel, CT (USA)",13 SEP 2020,1159,2020
42,216.013,Justyn KNIGHT,1996-07-19,CAN,"Boston Univ. Track & Tennis Center, Boston, MA (USA) (i)",28 FEB 2020,1211,2020
43,216.014,Quentin TISON,1996-04-16,FRA,"Stade des Maradas, Cergy-Pontoise (FRA)",19 SEP 2020,1159,2020
44,216.022,Bethwell BIRGEN,1988-08-06,KEN,"Emirates Arena, Glasgow (GBR) (i)",15 FEB 2020,1210,2020
45,216.023,Grant FISHER,1997-04-22,USA,"Jesuit High School Track, Portland, OR (USA)",21 JUL 2020,1158,2020
46,216.031,Evan JAGER,1989-03-08,USA,"Jesuit High School Track, Portland, OR (USA)",21 JUL 2020,1157,2020
47,216.035,Vincent CIATTEI,1995-01-21,USA,"Newberg, OR (USA)",31 JUL 2020,1156,2020
48,216.039,Baptiste MISCHLER,1997-11-23,FRA,"Stade Delort, Marseille (FRA)",03 SEP 2020,1155,2020
49,216.04,Chris O'HARE,1990-11-23,GBR,"Boston Univ. Track & Tennis Center, Boston, MA (USA) (i)",28 FEB 2020,1208,2020
50,216.051,Brannon KIDDER,1993-11-18,USA,"Boston Univ. Track & Tennis Center, Boston, MA (USA) (i)",27 FEB 2020,1206,2020
51,216.054,Samuel PRAKEL,1994-10-29,USA,"Lipscomb Academy, Nashville, TN (USA)",15 AUG 2020,1153,2020
52,216.059,Mohamed KATIR,1998-02-17,ESP,Castellón (ESP),24 AUG 2020,1153,2020
53,216.072,George MILLS,1999-05-12,GBR,"Sports Park Mladost, Zagreb (CRO)",15 SEP 2020,1151,2020
54,216.082,Abraham ALVARADO,1995-08-04,USA,"Boston Univ. Track & Tennis Center, Boston, MA (USA) (i)",27 FEB 2020,1202,2020
55,216.083,Tripp HURT,1992-10-30,USA,"Lipscomb Academy, Nashville, TN (USA)",15 AUG 2020,1149,2020
56,216.09199999999998,Joshua LAY,2000-04-11,GBR,"Stadio Comunale, Bellinzona (SUI)",15 SEP 2020,1148,2020
57,216.095,Nassim HASSAOUS,1994-03-23,ESP,Castellón (ESP),24 AUG 2020,1148,2020
58,216.097,Boaz KIPRUGUT,1998-05-18,KEN,"Stadion De Veen, Heusden-Zolder (BEL)",06 SEP 2020,1147,2020
59,217.012,Sean MCGORTY,1995-03-08,USA,"Jesuit High School Track, Portland, OR (USA)",21 JUL 2020,1145,2020
59,217.012,Colby ALEXANDER,1991-06-13,USA,"Bethel HS, Bethel, CT (USA)",13 SEP 2020,1145,2020
61,217.013,Salim KEDDAR,1993-11-23,ALG,"Stade des Maradas, Cergy-Pontoise (FRA)",19 SEP 2020,1145,2020
62,217.015,Hamza DRIOUCH,1994-11-16,QAT,"Suhaim bin Hamad Stadium, Doha (QAT)",25 SEP 2020,1145,2020
63,217.016,Willy FINK,1994-03-07,USA,"Lipscomb Academy, Nashville, TN (USA)",15 AUG 2020,1145,2020
64,217.02,Matthew HUGHES,1989-08-03,CAN,"Sports Park Mladost, Zagreb (CRO)",15 SEP 2020,1144,2020
65,217.036,William KINCAID,1992-09-21,USA,"Jesuit High School Track, Portland, OR (USA)",21 JUL 2020,1142,2020
66,217.042,Morgan MCDONALD,1996-04-23,AUS,"Lipscomb Academy, Nashville, TN (USA)",15 AUG 2020,1141,2020
67,217.043,Mahadi ABDI ALI,1995-11-08,NED,"Stadion De Veen, Heusden-Zolder (BEL)",06 SEP 2020,1141,2020
68,217.046,Jonas RAESS,1994-03-08,SUI,"Stadio Comunale, Bellinzona (SUI)",15 SEP 2020,1141,2020
69,217.055,Joe KLECKER,1996-11-16,USA,"Lipscomb Academy, Nashville, TN (USA)",15 AUG 2020,1140,2020
70,217.05599999999998,Johan ROGESTEDT,1993-01-27,SWE,"Sports Park Mladost, Zagreb (CRO)",15 SEP 2020,1139,2020
71,217.059,Vincent Kibet KETER,2002-03-11,KEN,"Nyayo National Stadium, Nairobi (KEN)",03 OCT 2020,1139,2020
72,217.06,Isaac KIMELI,1994-03-09,BEL,"Stadion De Veen, Heusden-Zolder (BEL)",06 SEP 2020,1139,2020
73,217.064,Graham CRAWFORD,1992-12-29,USA,"Lipscomb Academy, Nashville, TN (USA)",15 AUG 2020,1138,2020
74,217.07,Yani KHELAF,1998-02-07,FRA,"Stade Delort, Marseille (FRA)",03 SEP 2020,1138,2020
75,217.08100000000002,Izaic YORKS,1994-04-17,USA,"Boston Univ. Track & Tennis Center, Boston, MA (USA) (i)",28 FEB 2020,1188,2020
76,217.084,Tom ELMER,1997-04-01,SUI,"Stadio Comunale, Bellinzona (SUI)",15 SEP 2020,1136,2020
77,217.089,Ismael DEBJANI,1990-09-25,BEL,"Stade du Parc de la Dodaine, Nivelles (BEL)",07 AUG 2020,1135,2020
78,217.09300000000002,David BUSTOS,1990-08-25,ESP,"Stadion De Veen, Heusden-Zolder (BEL)",06 SEP 2020,1134,2020
79,217.098,Andrew COSCORAN,1996-06-18,IRL,"Boston Univ. Track & Tennis Center, Boston, MA (USA) (i)",01 FEB 2020,1185,2020
80,218.001,Simas BERTAŠIUS,1993-10-31,LTU,"Golęcin Stadion, Poznan (POL)",11 SEP 2020,1133,2020
81,218.003,Rob NAPOLITANO,1994-11-03,USA,"Boston Univ. Track & Tennis Center, Boston, MA (USA) (i)",28 FEB 2020,1184,2020
81,218.003,Djilali BEDRANI,1993-10-01,FRA,"Stade municipal Les Quéfets, Tournefeuille (FRA)",08 AUG 2020,1133,2020
83,218.004,Marc TORTELL,1997-12-26,GER,Castellón (ESP),24 AUG 2020,1133,2020
83,218.004,Joao BUSSOTTI NEVES,1993-05-10,ITA,"Stadio Comunale, Bellinzona (SUI)",15 SEP 2020,1133,2020
83,218.004,Samuel TANNER,2000-08-24,NZL,"Cooks Gardens, Whanganui (NZL)",01 DEC 2020,1133,2020
86,218.015,Tim VAN DE VELDE,2000-02-01,BEL,"Stadion De Veen, Heusden-Zolder (BEL)",06 SEP 2020,1131,2020
87,218.016,Ryan HILL,1990-01-31,USA,"Jesuit High School Track, Portland, OR (USA)",21 JUL 2020,1131,2020
88,218.026,Paul ROBINSON,1991-05-24,IRL,"Sports Park Mladost, Zagreb (CRO)",15 SEP 2020,1130,2020
89,218.027,Vincent KIBET,1991-05-06,KEN,"Suhaim bin Hamad Stadium, Doha (QAT)",25 SEP 2020,1130,2020
90,218.029,Marius PROBST,1995-08-20,GER,"Stadion De Veen, Heusden-Zolder (BEL)",06 SEP 2020,1130,2020
91,218.03,Eric AVILA,1989-10-03,USA,"Boston Univ. Track & Tennis Center, Boston, MA (USA) (i)",28 FEB 2020,1181,2020
91,218.03,Neil GOURLEY,1995-02-07,GBR,"Olympiastadion, Stockholm (SWE)",23 AUG 2020,1129,2020
93,218.03300000000002,Ronald KWEMOI,1995-09-19,KEN,"Athletics Stadium, Shibetsu (JPN)",04 JUL 2020,1129,2020
94,218.053,Yassin BOUIH,1996-11-24,ITA,"Stadio Comunale, Bellinzona (SUI)",15 SEP 2020,1126,2020
95,218.055,Kebede ENDALE,2000-06-22,ETH,Val-de-Reuil (FRA) (i),14 FEB 2020,1177,2020
96,218.06900000000002,Mikael JOHNSEN,1992-02-04,DEN,"Stadion De Veen, Heusden-Zolder (BEL)",06 SEP 2020,1124,2020
96,218.06900000000002,Adam KSZCZOT,1989-09-02,POL,"Golęcin Stadion, Poznan (POL)",11 SEP 2020,1124,2020
98,218.07,Henry WYNNE,1995-04-18,USA,"Newberg, OR (USA)",31 JUL 2020,1124,2020
99,218.073,Hugo HAY,1997-03-28,FRA,"Stadion De Veen, Heusden-Zolder (BEL)",06 SEP 2020,1124,2020
100,218.083,Mohamed ABDILAAHI,1999-03-24,GER,"Willy-Lemkens-Sportpark, Sonsbeck (GER)",19 JUL 2020,1122,2020
